cluster,year,threshold,n_pixels,n_bg,n_peak,bg_mean,peak_mean,peak_area_km2,integrated_chl,percentile,method
0,2002,54.558125572204546,18,17,1,9.996299743652344,58.62042999267578,21.0377254486084,1233.240478515625,99,HDBSCAN
0,2003,50.3366979217529,35,34,1,11.923490524291992,53.00909423828125,21.03461265563965,1115.0257568359375,99,HDBSCAN
0,2004,56.93408302307127,39,38,1,11.581160545349121,59.92866897583008,21.02835464477539,1260.2012939453125,99,HDBSCAN
0,2005,46.951261329650826,42,41,1,11.091197967529297,52.828330993652344,21.02835464477539,1110.892822265625,99,HDBSCAN
0,2006,39.134536743164006,49,48,1,11.566726684570312,45.93120574951172,21.02835464477539,965.857666015625,99,HDBSCAN
0,2007,40.36844261169432,29,28,1,10.187739372253418,44.601200103759766,21.0377254486084,938.3078002929688,99,HDBSCAN
0,2008,37.3019947052002,21,20,1,13.04455852508545,39.06838607788086,21.02835464477539,821.5438842773438,99,HDBSCAN
0,2009,59.99198684692376,36,35,1,10.663553237915039,77.36487579345703,21.043916702270508,1628.06005859375,99,HDBSCAN
0,2010,24.934036254882812,51,50,1,11.66698932647705,26.608131408691406,21.0377254486084,559.7745361328125,99,HDBSCAN
0,2011,44.428398361206064,48,47,1,10.96460247039795,47.31623840332031,21.03461265563965,995.2787475585938,99,HDBSCAN
0,2012,24.838883895874023,45,44,1,9.541459083557129,24.875072479248047,21.03461265563965,523.2374877929688,99,HDBSCAN
0,2013,49.11955642700195,51,50,1,11.370194435119629,64.77946472167969,15.726656913757324,1018.764404296875,99,HDBSCAN
0,2014,63.135389709472626,36,35,1,14.031692504882812,70.20805358886719,15.790262222290039,1108.603515625,99,HDBSCAN
0,2015,50.76189403533937,30,29,1,11.222017288208008,55.831390380859375,21.02835464477539,1174.042236328125,99,HDBSCAN
0,2016,42.91836547851561,50,49,1,10.952005386352539,46.608543395996094,21.0377254486084,980.5377197265625,99,HDBSCAN
0,2017,64.35986415863036,42,41,1,11.126388549804688,65.07352447509766,21.03461265563965,1368.79638671875,99,HDBSCAN
0,2018,37.7370769500733,38,37,1,9.805455207824707,46.23394775390625,19.639667510986328,908.0193481445312,99,HDBSCAN
0,2019,45.042489013671826,53,52,1,12.590246200561523,53.19260787963867,21.043916702270508,1119.380859375,99,HDBSCAN
0,2020,50.55011383056643,37,36,1,10.035289764404297,64.5700912475586,20.94978904724121,1352.729736328125,99,HDBSCAN
0,2021,42.88242984771726,47,46,1,11.971002578735352,53.16006088256836,20.94978904724121,1113.6920166015625,99,HDBSCAN
0,2022,29.373692207336425,43,42,1,10.960602760314941,29.818113327026367,20.94978904724121,624.6831665039062,99,HDBSCAN
0,2023,32.787835636138944,38,37,1,9.872207641601562,37.1938362121582,15.864089965820312,590.04638671875,99,HDBSCAN
0,2024,41.98387584686277,27,26,1,10.158636093139648,45.53243637084961,18.74141502380371,853.34228515625,99,HDBSCAN
0,2025,23.868497905731203,38,37,1,8.667032241821289,24.401866912841797,20.94978904724121,511.2139587402344,99,HDBSCAN
1,2002,21.90106338500975,172,170,2,12.429883003234863,25.406837463378906,37.58049011230469,954.4898681640625,99,HDBSCAN
1,2003,10.439903116226194,172,170,2,6.903781414031982,10.775964736938477,37.716156005859375,406.4422607421875,99,HDBSCAN
1,2004,11.881894693374626,172,170,2,7.306182384490967,13.351617813110352,37.53558349609375,501.08221435546875,99,HDBSCAN
1,2005,9.302867288589477,172,170,2,6.6716837882995605,10.270325660705566,38.801483154296875,397.21807861328125,99,HDBSCAN
1,2006,9.458988361358642,172,170,2,6.580046653747559,10.17875862121582,40.00939178466797,407.23876953125,99,HDBSCAN
1,2007,11.736489486694335,172,170,2,7.081304550170898,12.048791885375977,37.62503433227539,453.37176513671875,99,HDBSCAN
1,2008,10.530026912689209,172,170,2,7.193752288818359,10.692737579345703,39.991798400878906,427.6138916015625,99,HDBSCAN
1,2009,11.63104852676391,172,170,2,6.967145919799805,12.83462905883789,37.61151885986328,482.746337890625,99,HDBSCAN
1,2010,9.16740379333496,172,170,2,6.515989780426025,9.306329727172852,40.84357452392578,380.07147216796875,99,HDBSCAN
1,2011,10.424666709899894,172,170,2,6.885223865509033,11.439676284790039,37.80560302734375,432.4859313964844,99,HDBSCAN
1,2012,11.298892564773558,172,170,2,8.221039772033691,11.674406051635742,39.8760986328125,465.489501953125,99,HDBSCAN
1,2013,10.447675838470456,172,170,2,7.169944763183594,10.71268081665039,40.054534912109375,429.091064453125,99,HDBSCAN
1,2014,10.85683443069458,172,170,2,6.773794174194336,11.200916290283203,37.716156005859375,422.4291687011719,99,HDBSCAN
1,2015,10.90276593208313,172,170,2,7.6546101570129395,11.121526718139648,41.688941955566406,463.64678955078125,99,HDBSCAN
1,2016,10.119680175781243,172,170,2,6.511378288269043,11.067707061767578,37.76853942871094,418.0145568847656,99,HDBSCAN
1,2017,11.907338590621947,172,170,2,8.055822372436523,12.705938339233398,37.69389724731445,478.89532470703125,99,HDBSCAN
1,2018,10.259959096908569,172,170,2,6.350742340087891,10.857913970947266,38.827415466308594,422.28143310546875,99,HDBSCAN
1,2019,11.78532206535339,172,170,2,6.878688812255859,12.718070983886719,37.595375061035156,478.0515441894531,99,HDBSCAN
1,2020,12.745811777114866,172,170,2,7.285308361053467,13.019014358520508,37.716156005859375,491.02154541015625,99,HDBSCAN
1,2021,13.024803256988525,172,170,2,7.7714715003967285,13.234548568725586,38.821754455566406,513.6705322265625,99,HDBSCAN
1,2022,16.02119965553283,172,170,2,9.310765266418457,17.039207458496094,37.80560302734375,644.1749877929688,99,HDBSCAN
1,2023,13.791903553009027,172,170,2,9.778366088867188,14.417669296264648,38.788421630859375,559.1896362304688,99,HDBSCAN
1,2024,17.491778964996335,172,170,2,11.043686866760254,17.71649932861328,40.07698440551758,710.0238647460938,99,HDBSCAN
1,2025,13.301940946578974,172,170,2,8.823477745056152,13.995221138000488,39.899452209472656,558.371337890625,99,HDBSCAN
2,2002,21.480972557067876,954,944,10,5.897134780883789,23.936738967895508,204.40357971191406,4892.68115234375,99,HDBSCAN
2,2003,19.728389091491703,954,944,10,9.594314575195312,21.06894874572754,204.8184051513672,4315.2802734375,99,HDBSCAN
2,2004,14.515874795913698,954,944,10,7.517916202545166,18.650165557861328,207.03857421875,3864.069580078125,99,HDBSCAN
2,2005,18.660472736358656,954,944,10,7.23531436920166,19.854610443115234,204.0185546875,4050.761474609375,99,HDBSCAN
2,2006,17.291135749816895,954,944,10,8.929306983947754,18.284278869628906,204.40200805664062,3737.31494140625,99,HDBSCAN
2,2007,17.717552967071533,954,944,10,8.919342994689941,19.287246704101562,205.3877410888672,3961.48779296875,99,HDBSCAN
2,2008,18.30046642303467,954,944,10,9.819764137268066,19.626535415649414,205.50912475585938,4033.17919921875,99,HDBSCAN
2,2009,14.92081207275391,954,944,10,9.216109275817871,15.753804206848145,205.014892578125,3229.647705078125,99,HDBSCAN
2,2010,14.198377866744998,954,944,10,7.4546990394592285,14.932523727416992,207.6202850341797,3100.129638671875,99,HDBSCAN
2,2011,16.316207904815677,954,944,10,8.46514892578125,17.808563232421875,208.62249755859375,3717.5283203125,99,HDBSCAN
2,2012,15.497713041305543,954,944,10,7.078125953674316,16.35491371154785,204.2982635498047,3341.302734375,99,HDBSCAN
2,2013,16.372905139923102,954,944,10,7.99429988861084,17.334375381469727,210.6641387939453,3651.711669921875,99,HDBSCAN
2,2014,17.819968776702886,954,944,10,9.447824478149414,18.95661735534668,204.68621826171875,3880.184814453125,99,HDBSCAN
2,2015,15.555756731033327,954,944,10,7.792336463928223,16.907255172729492,205.21267700195312,3468.61572265625,99,HDBSCAN
2,2016,16.462179737091066,954,944,10,8.224658966064453,17.778913497924805,204.81324768066406,3641.11669921875,99,HDBSCAN
2,2017,16.97018827438355,954,944,10,8.683666229248047,18.037044525146484,204.3288116455078,3685.913330078125,99,HDBSCAN
2,2018,15.603948316574103,954,944,10,8.851924896240234,16.436424255371094,210.4655303955078,3458.850341796875,99,HDBSCAN
2,2019,16.99758255004883,954,944,10,10.112507820129395,18.9005184173584,206.27822875976562,3900.02685546875,99,HDBSCAN
2,2020,13.133466291427613,954,944,10,6.943314075469971,14.191085815429688,204.68838500976562,2904.7392578125,99,HDBSCAN
2,2021,11.008375053405763,954,944,10,5.994696140289307,12.068216323852539,205.50013732910156,2481.153076171875,99,HDBSCAN
2,2022,10.597926139831543,954,944,10,5.126248836517334,12.055813789367676,204.35362243652344,2462.09033203125,99,HDBSCAN
2,2023,15.646977157592776,954,944,10,7.691812992095947,16.60980796813965,203.63546752929688,3382.18798828125,99,HDBSCAN
2,2024,16.445935764312747,954,944,10,8.183738708496094,17.757030487060547,209.8056182861328,3724.93017578125,99,HDBSCAN
2,2025,18.285771179199223,954,944,10,9.61309814453125,19.378610610961914,208.03433227539062,4031.24169921875,99,HDBSCAN
0,2002,22.702376346588085,1168,1156,12,10.04216480255127,33.48355484008789,224.37258911132812,7402.20703125,99,K-means
0,2003,16.472847690582284,1178,1166,12,7.018861770629883,20.080774307250977,216.37261962890625,4379.5,99,K-means
0,2004,15.001173105239872,1180,1168,12,8.01357650756836,21.83349609375,243.52513122558594,5337.23486328125,99,K-means
0,2005,16.533021354675316,1179,1167,12,7.877064228057861,23.302902221679688,233.5694580078125,5478.30419921875,99,K-means
0,2006,14.229959487915039,1176,1164,12,7.101319313049316,17.66807746887207,231.01303100585938,4066.29296875,99,K-means
0,2007,17.666240997314446,1173,1161,12,7.602458953857422,24.410173416137695,226.37930297851562,5596.40576171875,99,K-means
0,2008,15.44203186035153,1173,1161,12,7.639876365661621,20.66393280029297,232.06024169921875,4772.0595703125,99,K-means
0,2009,18.105078125000006,1181,1169,12,7.320396900177002,25.91628074645996,206.78961181640625,5426.5009765625,99,K-means
0,2010,16.759106197357184,1182,1170,12,7.324426651000977,20.536890029907227,227.13088989257812,4676.73779296875,99,K-means
0,2011,17.41160736083989,1182,1170,12,7.237301349639893,20.034250259399414,234.91818237304688,4694.64306640625,99,K-means
0,2012,15.45456098556519,1179,1167,12,8.24778938293457,19.17732048034668,232.70108032226562,4478.75634765625,99,K-means
0,2013,13.743670692443857,1178,1166,12,7.05656099319458,17.250558853149414,213.51858520507812,3696.5244140625,99,K-means
0,2014,14.440995082855228,1178,1166,12,6.591126918792725,20.9586124420166,218.80313110351562,4630.3017578125,99,K-means
0,2015,14.676137018203724,1170,1158,12,7.321709156036377,21.074983596801758,223.1017608642578,4568.4267578125,99,K-means
0,2016,15.707777957916273,1180,1168,12,7.422914981842041,22.756385803222656,217.61001586914062,4897.4326171875,99,K-means
0,2017,13.446341037750244,1179,1167,12,7.625364780426025,18.740753173828125,227.58270263671875,4303.2109375,99,K-means
0,2018,14.358197746276867,1177,1165,12,6.870589733123779,18.938791275024414,213.16860961914062,3990.279296875,99,K-means
0,2019,15.31780932426454,1182,1170,12,7.444709777832031,20.864564895629883,224.822265625,4627.8984375,99,K-means
0,2020,14.884618129730224,1175,1163,12,7.524428367614746,21.39659881591797,223.4112091064453,4666.56591796875,99,K-means
0,2021,17.186142444610596,1176,1164,12,8.222786903381348,24.01202964782715,215.2642822265625,5173.4091796875,99,K-means
0,2022,17.287304401397705,1176,1164,12,8.88070297241211,20.71259117126465,219.7530517578125,4561.0302734375,99,K-means
0,2023,16.59772300720215,1176,1164,12,9.174038887023926,19.90647315979004,224.77474975585938,4429.1396484375,99,K-means
0,2024,22.738245162963842,1172,1160,12,10.406460762023926,31.510704040527344,205.09080505371094,6531.619140625,99,K-means
0,2025,17.56931209564209,1176,1164,12,9.431119918823242,20.71282958984375,203.94973754882812,4213.27490234375,99,K-means
1,2002,20.69787433624266,1163,1151,12,5.322505474090576,25.48006248474121,246.58079528808594,6296.255859375,99,K-means
1,2003,18.222933540344208,1164,1152,12,8.76907730102539,22.687660217285156,243.27743530273438,5541.1650390625,99,K-means
1,2004,18.775209865570066,1164,1152,12,7.298065185546875,24.462602615356445,249.81405639648438,6119.990234375,99,K-means
1,2005,15.473328781127906,1164,1152,12,6.407188415527344,17.388154983520508,251.07110595703125,4366.4267578125,99,K-means
1,2006,16.58625913619995,1164,1152,12,8.177403450012207,19.602523803710938,246.80258178710938,4849.3056640625,99,K-means
1,2007,17.492875041961632,1164,1152,12,8.074435234069824,21.547563552856445,247.7277374267578,5349.27978515625,99,K-means
1,2008,17.699432144165034,1164,1152,12,9.40125560760498,20.230073928833008,249.5087890625,5051.1708984375,99,K-means
1,2009,15.650548362731929,1165,1153,12,9.065225601196289,18.706438064575195,244.4727020263672,4582.3046875,99,K-means
1,2010,14.348810024261448,1164,1152,12,7.336506366729736,16.356531143188477,249.6785125732422,4087.414794921875,99,K-means
1,2011,16.05738599777221,1164,1152,12,8.069626808166504,20.01352882385254,252.59080505371094,5054.7265625,99,K-means
1,2012,13.487658109664892,1164,1152,12,6.795065879821777,16.1882266998291,247.3156280517578,4008.677978515625,99,K-means
1,2013,16.789450454711908,1164,1152,12,7.923980712890625,20.208419799804688,252.765869140625,5107.0771484375,99,K-means
1,2014,17.062595233917232,1164,1152,12,9.12947940826416,19.490798950195312,247.2860107421875,4828.05810546875,99,K-means
1,2015,14.287829885482747,1164,1152,12,7.697487831115723,19.34278106689453,250.45037841796875,4849.63427734375,99,K-means
1,2016,14.36621745109557,1164,1152,12,8.12195873260498,18.105871200561523,249.0902099609375,4514.990234375,99,K-means
1,2017,14.834919090270992,1163,1151,12,7.890937328338623,17.01173973083496,250.55709838867188,4264.7275390625,99,K-means
1,2018,16.043601245880122,1164,1152,12,8.886544227600098,17.108060836791992,252.6098175048828,4321.37353515625,99,K-means
1,2019,18.16404298782342,1164,1152,12,9.870598793029785,22.26324462890625,249.28665161132812,5555.5068359375,99,K-means
1,2020,12.480376091003373,1164,1152,12,6.50493860244751,15.15167236328125,247.72666931152344,3760.859130859375,99,K-means
1,2021,12.809693708419786,1164,1152,12,5.919849395751953,14.501495361328125,250.146728515625,3628.43994140625,99,K-means
1,2022,10.509306144714342,1164,1152,12,5.1650390625,11.89590835571289,250.59182739257812,2980.921142578125,99,K-means
1,2023,11.964154243469222,1164,1152,12,7.268874168395996,12.893340110778809,249.54054260253906,3218.173828125,99,K-means
1,2024,16.870276432037326,1164,1152,12,7.989551067352295,18.52936553955078,252.0899200439453,4668.78857421875,99,K-means
1,2025,18.503584632873533,1163,1151,12,9.531569480895996,20.612403869628906,250.0285186767578,5154.45654296875,99,K-means
2,2002,30.458231582641588,563,557,6,11.487723350524902,41.890254974365234,125.0862808227539,5242.06640625,99,K-means
2,2003,29.00805797576876,595,589,6,12.416986465454102,44.358489990234375,124.45441436767578,5518.39306640625,99,K-means
2,2004,28.77521217346189,597,591,6,10.360336303710938,42.019683837890625,120.54888916015625,5059.1806640625,99,K-means
2,2005,27.769032592773513,605,598,7,11.33963680267334,40.222869873046875,145.2089385986328,5847.6845703125,99,K-means
2,2006,23.284021224975586,614,607,7,10.800491333007812,37.630226135253906,144.7719268798828,5442.67724609375,99,K-means
2,2007,29.75297155380248,588,582,6,11.309752464294434,37.94231033325195,118.49785614013672,4516.7333984375,99,K-means
2,2008,27.61012111663816,582,576,6,11.209453582763672,32.392765045166016,124.32315063476562,4029.304443359375,99,K-means
2,2009,25.096558265685985,599,593,6,9.089231491088867,40.133209228515625,121.58586120605469,4899.00439453125,99,K-means
2,2010,23.258235931396484,616,609,7,8.951515197753906,29.893259048461914,142.5357208251953,4263.04541015625,99,K-means
2,2011,24.61555625915518,608,601,7,10.535703659057617,32.76026153564453,144.9921875,4752.78173828125,99,K-means
2,2012,22.61432018280027,611,604,7,10.351469993591309,25.311384201049805,145.46102905273438,3681.781005859375,99,K-means
2,2013,30.028100585937505,616,609,7,9.369558334350586,43.80953598022461,137.1328582763672,5951.77001953125,99,K-means
2,2014,29.282062187194796,599,593,6,11.504316329956055,43.949920654296875,119.76820373535156,5131.9814453125,99,K-means
2,2015,24.386778030395476,588,582,6,10.019319534301758,38.40944290161133,121.3748550415039,4689.841796875,99,K-means
2,2016,30.481773567199802,616,609,7,10.304109573364258,41.97270965576172,135.48793029785156,5655.5888671875,99,K-means
2,2017,28.635459899902344,601,594,7,10.622637748718262,46.6035270690918,144.58993530273438,6742.46435546875,99,K-means
2,2018,24.823851528167758,604,597,7,8.896820068359375,32.67192840576172,139.70504760742188,4555.4873046875,99,K-means
2,2019,29.700362110137974,616,609,7,10.434332847595215,37.0816764831543,144.38162231445312,5363.40771484375,99,K-means
2,2020,25.681630706787058,597,591,6,9.463809967041016,38.44771957397461,119.10466003417969,4573.3876953125,99,K-means
2,2021,27.37602519989011,611,604,7,8.47290325164795,35.905540466308594,139.81842041015625,5066.45263671875,99,K-means
2,2022,26.69230035781865,604,597,7,8.253583908081055,29.932451248168945,137.42527770996094,4101.2080078125,99,K-means
2,2023,23.455854759216297,599,593,6,10.399928092956543,30.47388458251953,115.32881164550781,3481.598388671875,99,K-means
2,2024,23.76255226135259,590,584,6,10.3319673538208,33.49982833862305,122.02208709716797,4063.683349609375,99,K-means
2,2025,22.31157365798948,598,592,6,9.295297622680664,31.414770126342773,120.34807586669922,3658.088134765625,99,K-means
